Area_sqft,Bedrooms,Bathrooms,Age_years,Distance_to_City_km,Stories,Price_thousand_usd
2122.9,3,2,3.6,0.91,3,381.52
1710.1,3,2,0.6,3.31,1,278.47
2221.0,3,2,47.8,12.98,2,257.88
2790.0,5,3,36.9,6.79,3,433.6
1647.8,3,2,17.7,5.75,3,260.1
1647.8,2,1,14.8,2.78,3,238.97
2826.5,2,1,17.5,21.48,2,359.37
2298.8,2,2,38.7,4.05,3,327.19
1494.8,2,1,33.1,0.73,2,218.71
2152.7,2,1,9.3,7.68,1,261.25
1498.8,2,1,8.7,0.97,2,275.87
1497.3,2,2,4.9,3.39,2,290.53
1957.3,2,2,33.0,5.66,1,299.25
556.4,4,3,38.2,16.59,2,92.87
678.8,2,1,13.3,5.44,2,139.65
1434.5,3,2,1.0,9.69,1,247.6
1141.7,3,2,4.1,39.49,2,185.45
2004.3,5,4,48.4,1.13,2,340.81
1209.8,2,1,14.8,2.57,2,193.15
882.0,3,2,38.5,4.01,1,162.1
2752.7,5,3,31.2,4.38,1,423.19
1653.2,4,2,19.1,4.23,1,312.16
1843.9,4,2,10.3,19.05,3,311.07
873.9,2,1,6.1,10.02,1,181.72
1446.2,2,2,30.8,7.49,2,227.8
1872.1,4,2,38.7,2.96,1,323.49
1051.9,5,3,32.2,13.89,1,202.88
2044.2,3,1,26.5,24.82,2,255.34
1409.6,3,2,2.1,13.77,2,277.9
1610.4,2,1,48.4,0.5,1,248.21
1408.9,4,2,39.9,8.09,1,212.9
3004.0,2,1,14.6,0.5,1,413.03
1791.2,3,3,49.0,2.38,2,281.59
1112.5,3,2,30.1,0.5,2,216.25
2334.7,3,2,29.1,7.41,1,341.68
1006.5,2,2,37.4,9.28,1,167.71
1935.8,2,1,40.6,0.97,1,317.86
526.2,3,1,32.8,3.87,3,152.86
936.7,2,1,6.4,4.87,3,191.73
1928.0,3,2,16.9,3.68,1,326.83
2280.0,2,1,46.4,1.03,2,291.12
1911.4,3,2,11.2,4.34,1,314.82
1724.8,3,2,18.6,11.13,1,311.63
1604.3,2,1,21.6,0.59,2,250.9
839.0,3,1,22.0,0.67,3,155.91
1332.1,2,2,30.6,3.51,3,206.77
1500.6,2,2,47.2,22.74,2,169.0
2487.1,5,3,12.0,8.83,1,368.96
2023.4,3,3,6.1,9.08,2,317.06
654.0,4,2,9.9,3.59,1,129.05
2010.7,2,1,44.3,7.2,2,277.39
1549.7,4,2,32.3,0.5,1,280.94
1360.0,4,2,14.3,8.09,2,220.94
2197.6,3,2,40.8,19.56,1,330.71
2470.1,3,2,43.1,7.59,1,354.35
2405.3,3,2,42.3,16.55,3,356.71
1254.5,3,1,45.9,10.3,1,166.89
1599.0,5,4,12.6,1.03,2,325.61
2015.3,4,2,37.8,18.62,1,255.41
2434.1,5,4,23.0,0.55,1,414.1
1488.5,2,1,42.1,6.11,1,217.08
1679.3,4,3,36.4,1.23,1,289.37
1080.9,5,3,38.8,0.5,2,186.51
1022.5,2,1,32.8,4.39,1,144.49
2328.1,2,2,8.9,2.8,3,376.02
2681.6,4,3,27.3,5.32,2,378.29
1753.2,3,2,49.2,6.89,1,263.25
2452.3,4,3,46.9,0.5,2,331.85
2035.1,2,1,2.2,1.05,2,344.11
1380.7,4,3,8.2,6.54,2,228.46
2034.9,2,1,6.6,3.36,1,324.68
2799.7,2,2,36.3,10.45,1,389.89
1776.7,2,1,40.9,8.45,2,232.4
2817.0,4,2,10.7,14.95,3,430.63
400.0,4,2,25.3,9.43,2,124.13
2334.2,3,1,42.0,4.5,1,311.27
1856.6,3,2,36.6,8.94,2,250.85
1605.6,4,2,27.1,2.58,2,222.06
1859.6,3,2,29.5,2.93,2,299.9
508.1,4,1,25.4,12.45,1,75.85
1657.2,3,2,14.9,4.73,2,278.25
2032.1,3,1,28.3,12.81,1,280.45
2760.6,3,1,34.4,13.83,1,384.96
1463.1,3,2,43.7,15.59,2,205.7
1274.5,4,3,31.8,19.88,1,194.44
1473.9,3,2,38.1,4.51,1,248.95
2395.0,2,1,8.0,3.07,1,361.77
2013.7,4,2,23.1,6.98,3,329.61
1455.7,3,2,0.5,3.71,2,276.47
2133.6,3,1,12.3,7.35,1,281.75
1863.1,5,4,36.3,9.78,2,322.76
2429.6,3,2,49.6,9.33,2,349.2
1343.7,2,1,5.0,3.75,1,203.22
1587.0,5,3,20.1,1.46,2,284.09
1545.1,3,2,40.0,4.5,2,241.67
848.7,3,1,10.2,1.23,2,178.48
1992.5,2,1,27.8,17.67,1,275.74
1969.7,4,2,36.7,3.4,2,341.73
1803.3,3,1,30.8,1.34,2,306.79
1647.5,3,2,9.4,0.5,1,247.63
880.0,4,3,17.8,8.3,1,199.48
1526.6,4,3,39.2,8.1,1,277.9
1577.2,2,1,27.7,3.33,1,248.77
1278.5,3,2,0.3,0.6,2,275.59
1695.2,2,2,38.0,4.22,1,299.96
2062.6,4,3,1.8,2.98,1,372.22
3026.0,1,1,37.3,9.04,2,399.96
1913.5,3,1,10.1,7.45,1,321.47
1967.4,4,3,47.9,3.63,3,310.95
1751.6,4,3,18.4,1.97,1,298.12
552.8,3,2,16.3,35.41,1,82.36
1782.8,4,3,7.4,4.84,1,344.8
1839.1,2,2,15.3,9.33,1,257.03
3401.1,4,2,43.8,1.21,1,508.56
1675.0,2,2,49.8,5.32,2,253.66
1996.0,3,2,18.4,0.5,3,290.06
1777.4,4,3,22.4,5.63,1,301.09
1040.4,2,1,36.1,26.6,2,85.56
2542.8,2,2,44.3,3.88,2,367.51
2288.8,4,2,29.7,0.5,2,376.31
2314.2,4,2,19.6,0.5,1,345.48
1208.9,3,2,20.6,3.93,1,216.76
2711.8,4,2,34.8,1.4,1,443.35
888.8,3,2,0.2,0.5,2,189.13
2181.5,2,1,31.0,11.29,2,275.58
3223.8,3,2,17.8,4.91,1,493.32
1156.2,2,1,39.7,2.73,1,228.94
1431.9,5,4,4.6,18.43,3,269.56
1864.8,3,3,29.4,0.99,2,326.05
1472.7,3,2,24.0,24.97,3,254.57
792.1,3,2,32.1,3.01,2,142.27
1844.6,5,3,3.2,17.54,1,293.31
1109.5,2,2,29.0,7.39,2,217.63
2107.8,3,1,28.1,14.02,2,341.57
1202.4,3,2,28.0,33.09,1,177.3
2807.5,3,1,30.2,2.72,2,376.68
1290.9,1,1,33.8,25.98,2,212.55
1590.7,4,3,40.2,3.95,1,244.48
2328.8,5,3,13.5,3.9,2,372.44
999.9,3,3,41.3,3.33,2,192.56
1947.8,4,2,24.9,6.24,3,352.31
2649.6,5,2,3.9,1.34,1,441.22
755.1,4,3,2.9,6.45,1,193.96
1920.0,2,2,16.7,6.24,2,307.25
1968.9,3,3,39.2,11.48,1,285.74
2308.2,3,2,35.4,14.35,2,337.1
996.0,3,2,39.4,4.64,2,113.77
941.7,4,2,25.9,2.88,1,179.58
2139.3,5,3,22.0,2.4,2,359.53
1993.0,5,3,7.4,1.73,2,319.89
1962.8,3,2,16.4,0.5,1,322.32
2025.2,2,1,21.7,3.35,3,302.52
1358.0,5,4,4.4,2.52,2,323.52
1951.0,4,3,11.0,27.15,2,333.89
1990.5,2,1,29.9,6.53,2,275.5
1335.7,5,3,36.8,3.41,2,239.96
3012.8,4,3,49.9,6.95,3,424.32
2108.0,3,2,46.7,1.2,2,298.54
1025.7,3,2,32.1,4.7,2,191.21
2226.8,3,1,21.1,7.87,2,309.59
1166.5,2,1,31.8,5.37,1,155.21
2311.6,3,2,39.3,4.11,2,351.37
2553.1,4,3,5.9,40.73,1,361.28
1266.6,1,1,20.5,16.98,1,159.01
2426.2,3,2,42.0,7.81,1,359.22
2068.3,3,1,19.2,6.74,3,301.94
2334.3,3,2,28.6,7.75,2,347.94
3032.9,5,2,29.4,1.8,2,470.25
1640.5,3,2,9.2,4.02,2,278.61
1310.1,3,1,18.1,0.5,2,243.34
1221.8,4,2,16.7,5.16,3,221.58
1269.7,3,2,1.3,6.27,2,233.01
1749.9,2,1,1.2,2.07,1,277.77
2021.7,3,2,41.6,26.6,1,241.78
1979.8,2,1,13.7,19.22,2,275.42
2337.7,2,1,25.9,10.25,2,287.71
1808.5,3,2,14.9,6.1,1,274.64
2744.8,3,1,47.0,16.32,1,345.15
1628.0,5,3,13.0,1.12,2,294.9
3568.1,3,2,21.5,12.5,1,477.19
2206.7,3,1,43.6,1.07,2,316.75
1242.8,3,2,42.1,12.65,3,209.48
1103.9,1,1,9.3,2.58,1,212.02
2113.6,4,3,40.1,16.77,1,285.13
1654.7,2,1,22.9,23.07,2,197.56
2264.1,5,3,24.1,1.29,2,342.39
2107.6,2,1,6.7,4.97,2,309.94
1752.7,3,3,4.0,31.7,3,257.75
1249.6,2,1,36.4,5.28,1,170.66
815.3,5,3,24.8,15.93,2,139.68
1509.8,3,2,21.8,7.11,2,237.63
2356.7,3,2,36.5,3.76,2,348.51
1939.2,2,1,38.3,2.69,1,289.92
990.3,4,2,7.9,1.82,2,199.81
1912.6,2,1,30.5,11.48,2,259.56
2050.5,4,2,6.8,3.91,1,310.61
1225.5,2,2,37.6,5.73,1,190.63
1899.9,2,1,32.8,5.42,2,254.37
1837.8,1,1,47.8,6.89,1,255.27
1057.1,3,2,3.4,16.05,1,146.36
2032.6,3,2,2.9,31.6,1,276.24
2164.5,2,1,14.1,4.19,2,331.7
2504.0,4,3,13.1,14.06,2,383.52
2485.0,3,2,12.3,11.57,2,434.29
904.5,3,2,45.3,6.82,1,161.81
1190.4,3,1,12.5,25.0,2,160.27
2134.8,3,3,13.6,1.79,2,342.22
2134.0,3,2,38.0,0.93,2,275.9
2134.8,2,2,22.5,15.39,3,306.08
4304.3,2,1,38.8,4.63,1,534.68
2171.1,4,3,3.3,15.02,2,368.27
2538.1,5,2,24.4,17.89,1,351.5
2420.1,3,1,1.7,0.52,2,375.37
2223.4,2,2,3.1,17.2,1,305.62
1595.1,3,2,45.3,4.76,1,282.49
2293.3,3,2,7.0,5.71,1,344.03
1297.7,1,1,26.6,7.88,2,242.42
1646.1,2,1,20.6,20.87,1,247.13
1484.5,4,2,17.4,0.5,2,279.55
1853.2,4,3,45.0,5.18,1,292.84
3304.5,1,2,1.1,9.31,1,466.55
586.3,2,1,33.2,10.26,2,62.22
2246.1,2,1,48.2,9.44,1,286.87
751.7,4,3,28.0,1.15,1,192.2
1493.2,1,1,46.8,2.85,2,210.22
2507.8,2,2,2.6,3.55,1,341.39
1841.8,4,3,20.9,13.05,1,288.37
1099.5,2,1,13.0,2.61,1,237.21
1335.1,4,3,36.5,1.89,3,274.31
2241.7,2,1,49.1,25.26,2,272.32
1325.3,2,1,12.8,0.5,2,253.81
1940.7,2,1,32.7,49.03,2,206.01
1829.6,4,2,9.9,9.04,1,254.48
1376.5,4,3,28.3,14.1,1,203.29
3193.6,4,3,23.2,2.79,2,509.55
2212.0,3,2,48.6,0.5,1,309.97
483.7,4,3,30.4,10.71,1,116.55
1921.2,2,1,17.5,14.37,1,264.51
1369.8,2,1,5.7,10.79,1,268.23
2354.1,4,3,7.6,1.23,3,430.24
1284.9,1,1,11.3,11.2,1,252.84
1725.4,2,1,12.5,11.72,2,257.46
2128.2,2,1,42.5,8.6,1,292.86
2362.7,1,1,28.1,11.62,3,284.73
1019.8,2,1,26.2,14.96,1,192.92
1582.6,3,2,5.7,7.61,1,235.71
1491.3,3,2,43.0,0.74,2,244.85
1375.3,4,2,36.1,5.35,2,204.67
2947.5,4,2,3.4,0.65,1,434.31
2063.2,3,2,35.4,4.19,1,283.06
980.4,2,1,27.2,4.18,1,151.44
2396.6,3,1,4.1,0.55,1,355.03
3179.4,3,3,22.9,3.43,1,441.34
2471.1,2,1,24.2,0.94,2,378.57
812.4,3,1,8.3,13.21,1,128.42
1485.2,3,1,47.3,23.6,1,195.51
2623.5,3,1,42.5,0.6,2,400.37
1340.0,3,1,33.5,24.83,3,178.97
2088.5,2,2,23.1,5.91,2,293.31
2303.5,5,4,20.6,2.85,1,368.92
1197.5,4,2,32.5,0.64,1,245.19
1761.3,2,2,27.3,5.56,3,279.06
400.0,4,3,3.1,12.66,1,118.24
1134.1,3,2,25.6,9.82,1,203.96
1635.8,4,1,40.3,0.5,2,233.74
988.9,4,4,23.0,0.61,2,232.43
2861.1,3,1,2.6,4.13,2,435.28
870.4,1,1,39.3,2.8,1,130.1
1514.0,2,2,10.1,2.12,1,232.48
1885.0,3,3,12.9,2.64,3,296.73
2736.8,3,2,8.2,13.02,1,406.68
866.7,2,1,16.5,21.19,2,171.74
2556.1,2,1,37.8,4.15,2,336.29
1806.7,4,3,26.0,18.93,2,289.09
1162.0,5,3,10.2,3.1,1,187.42
2100.4,3,2,43.9,5.18,1,285.55
1929.4,2,1,44.0,2.05,2,274.49
1409.9,2,1,43.5,8.18,2,181.34
1845.4,1,1,11.9,30.9,3,221.13
1549.5,5,3,22.6,7.4,1,253.1
1873.8,2,1,49.2,3.54,1,264.45
2230.4,3,2,38.6,8.35,3,320.56
2830.9,2,1,1.4,1.05,2,363.09
995.4,3,1,3.3,17.56,2,127.48
3186.5,4,2,23.2,5.59,1,439.26
531.1,4,3,45.5,4.77,2,141.65
1701.3,2,2,26.9,7.05,2,191.35
2182.4,1,1,24.9,7.84,2,291.72
1982.6,2,1,5.3,0.6,1,296.65
1395.2,5,3,32.8,9.18,1,275.09
1664.7,4,2,41.1,2.22,2,257.93
1479.5,3,2,19.0,10.01,1,247.88
1416.9,3,2,38.8,13.83,2,217.79
2352.2,4,2,48.2,13.04,3,279.87
2032.1,2,1,10.2,6.43,1,322.25
1349.6,5,2,26.2,5.87,2,249.59
2384.7,3,1,14.4,1.23,1,370.54
1999.7,3,2,39.6,11.95,2,384.49
2328.4,3,1,28.9,2.53,3,295.4
2209.3,1,1,31.7,5.49,1,343.61
1261.2,2,1,39.9,2.68,1,185.22
1435.9,4,3,19.8,1.15,1,266.93
2285.7,2,1,45.8,7.94,1,301.63
2196.7,3,2,26.7,0.5,2,326.93
1786.4,2,1,7.9,11.05,3,264.23
1876.3,3,2,34.8,3.06,1,291.97
2630.5,2,1,39.7,0.5,1,322.25
1415.5,3,2,15.8,5.73,1,258.36
2155.6,4,2,42.9,0.5,2,317.23
1668.6,2,1,45.3,2.59,1,208.85
1658.5,3,1,13.8,9.82,2,251.96
2514.2,3,1,49.2,0.52,2,383.02
2336.5,4,2,7.0,14.63,2,343.43
2328.8,5,4,10.1,0.5,1,398.58
2648.6,4,2,9.2,2.27,2,392.78
1813.7,2,1,44.7,10.8,1,261.62
2243.3,1,1,32.7,3.04,1,324.6
1598.3,2,2,7.6,0.86,2,318.64
2010.7,3,2,22.0,3.57,2,309.92
1715.4,2,2,30.8,2.52,1,277.17
1863.0,3,1,4.2,14.8,1,285.48
2186.9,3,2,44.1,3.01,1,346.01
1268.2,3,1,40.2,12.44,1,168.4
3160.1,4,3,25.3,17.8,1,455.93
1146.1,2,1,48.4,4.55,1,164.15
1010.8,2,1,20.9,19.26,2,156.09
2552.8,4,3,49.2,3.79,2,373.58
2314.6,3,2,33.4,26.61,2,313.42
2205.7,4,2,31.7,0.75,2,339.27
2208.4,3,2,8.3,9.29,1,340.8
1792.0,2,1,44.1,5.45,3,298.05
1216.8,4,2,21.4,3.92,2,251.67
1849.3,4,3,8.1,8.01,2,335.13
1359.8,4,4,0.6,9.74,2,252.69
2433.8,2,1,28.0,0.5,3,333.69
1704.4,3,1,26.4,1.46,2,295.12
1263.4,3,2,36.0,9.99,1,220.76
1591.1,2,2,44.5,8.78,2,266.97
2068.4,5,3,4.0,27.06,2,307.34
1433.6,2,2,36.6,11.45,2,207.85
1265.6,5,4,9.4,24.09,2,191.25
1958.4,3,2,42.9,9.7,1,267.32
1959.2,2,1,41.0,2.83,1,300.01
1470.5,3,3,27.0,0.89,3,248.83
1493.8,4,2,35.5,12.18,2,252.59
1950.8,4,2,15.7,8.27,2,308.36
858.7,4,2,23.6,0.5,1,190.55
885.1,4,2,41.1,3.57,1,138.3
1333.0,4,2,23.0,25.14,2,210.02
1661.3,4,2,17.9,5.55,2,205.93
2002.1,2,1,24.7,4.54,2,291.01
2759.0,3,1,41.4,4.9,2,339.84
2357.5,2,1,16.8,1.87,2,378.83
1696.0,5,2,8.7,3.68,1,317.49
1787.6,5,3,35.6,3.69,2,310.16
1148.4,1,1,41.3,0.5,1,211.04
1788.0,4,1,5.0,11.67,1,262.3
1612.4,5,3,12.0,4.31,2,339.11
2009.8,2,2,7.1,13.82,3,331.07
1262.3,3,1,17.4,15.2,1,193.85
2137.6,5,4,22.5,1.91,2,388.03
2796.3,1,1,37.4,8.57,1,334.09
1729.3,4,2,32.6,5.11,1,252.19
2061.1,2,1,31.0,16.97,1,258.82
2248.6,5,3,17.6,1.94,1,352.6
1539.2,5,3,42.1,9.06,2,229.04
1945.7,5,3,23.6,7.49,1,346.97
1808.2,3,1,49.0,2.8,2,257.15
1863.5,4,2,31.7,1.18,3,314.3
1297.5,4,2,6.3,8.44,1,222.74
1815.9,3,2,33.8,10.73,2,225.25
2123.7,4,2,16.3,3.03,1,343.04
2743.2,1,1,34.3,8.28,2,315.51
2423.5,3,2,3.5,4.02,1,371.29
3199.6,2,2,8.7,9.99,1,410.76
1301.2,2,2,42.8,1.78,1,251.93
2367.0,2,1,11.4,17.67,1,348.23
1919.2,4,2,41.9,2.71,1,294.4
3223.4,3,2,14.0,3.67,2,497.72
1274.6,4,2,32.1,0.5,2,209.33
1254.2,2,2,34.7,0.95,2,222.9
1410.4,3,2,25.6,5.8,2,241.03
419.5,3,2,15.3,2.49,1,131.99
1458.3,4,2,10.6,14.44,1,275.64
1306.6,3,2,1.7,0.5,1,264.02
1897.8,3,2,15.2,3.81,1,308.07
2022.1,4,3,32.7,3.29,2,280.22
3019.5,3,2,46.9,0.5,2,396.06
2417.8,2,1,43.6,1.06,1,327.62
1425.0,1,1,38.3,4.27,1,205.29
1216.0,4,1,39.4,5.43,2,175.98
2119.7,1,1,33.2,4.14,2,355.85
941.8,4,2,13.0,6.06,1,230.44
2990.4,3,1,45.4,7.23,3,421.77
2566.6,5,3,33.5,0.5,3,405.22
1495.0,4,4,28.0,4.99,1,255.2
686.5,5,3,5.5,26.48,1,127.41
2680.0,3,2,22.4,5.86,2,392.87
1725.5,4,2,23.0,9.05,3,290.51
2604.6,3,2,43.2,2.99,2,338.44
763.6,3,2,27.3,11.9,1,151.28
1410.4,3,2,19.0,11.86,1,223.36
1803.4,4,3,48.8,5.89,2,230.8
1830.5,5,3,5.5,29.84,2,266.96
1507.5,4,2,21.1,1.07,1,251.04
2204.9,3,2,2.1,0.5,2,405.34
1106.0,3,2,37.0,11.76,2,195.4
1707.5,4,2,45.9,13.17,2,219.03
1878.2,2,1,14.0,1.02,2,306.8
2134.4,2,1,42.9,2.47,2,261.41
2262.5,3,2,14.6,0.5,1,377.13
1069.0,2,1,45.5,2.78,2,157.9
802.8,2,2,37.7,11.87,1,129.04
2630.5,2,1,40.2,5.84,2,389.85
2016.0,1,1,0.9,3.42,1,272.89
1313.5,1,1,48.1,3.72,2,152.6
2808.2,5,4,36.3,0.5,1,411.58
1875.2,3,2,15.2,2.85,1,325.52
2566.5,3,2,41.5,8.32,1,315.35
1843.9,4,2,14.1,29.26,1,194.32
3139.5,2,1,43.6,15.02,2,390.02
2941.0,5,3,5.6,0.5,2,479.46
1638.2,4,2,35.2,18.31,2,274.98
2431.5,2,1,27.0,12.23,1,317.23
2219.5,3,2,4.8,12.13,1,325.0
2689.6,4,3,12.1,4.9,1,439.58
1172.8,5,3,0.6,4.06,1,200.41
2245.9,3,2,23.4,2.89,2,332.72
2488.0,3,2,15.1,0.54,1,381.45
656.8,2,1,29.9,2.07,1,140.01
1030.9,5,3,14.9,2.27,1,208.67
474.5,2,1,15.0,5.29,1,114.86
1624.9,5,2,37.2,11.01,2,198.54
2266.4,3,2,2.4,5.14,2,341.88
2776.5,3,3,45.1,0.5,1,404.66
1848.2,3,2,42.6,25.32,1,216.15
2858.6,2,1,33.4,22.88,1,360.48
902.9,2,2,29.7,12.3,1,160.34
692.8,2,1,44.6,37.98,1,58.91
1763.9,2,1,9.3,6.29,3,286.08
2049.6,4,2,3.9,26.32,2,283.24
1778.7,3,2,12.0,0.63,2,293.76
456.2,2,1,39.7,3.64,1,109.75
1742.1,5,3,1.7,2.04,1,321.52
952.1,4,2,29.1,1.74,2,177.66
2235.3,5,3,49.8,1.21,2,350.2
2038.3,5,3,42.8,7.79,2,334.54
1189.1,2,2,26.1,12.16,1,135.34
1466.0,3,2,3.2,6.91,2,287.99
1111.5,4,2,41.6,1.27,1,188.81
1759.3,4,1,29.9,13.33,2,275.79
2420.8,2,2,5.7,8.08,2,391.71
1159.3,4,2,4.7,3.93,2,199.17
2127.6,2,1,45.5,8.97,1,264.74
1455.3,2,1,33.5,2.41,2,219.05
1284.6,3,1,41.5,3.39,1,181.31
1730.4,3,2,43.9,19.96,1,276.93
1127.1,3,2,28.6,2.75,1,177.84
1440.1,2,1,25.9,5.08,2,212.61
1021.4,4,1,21.5,17.67,1,176.96
3077.1,2,1,15.8,9.84,1,388.76
1822.9,2,1,21.7,0.51,2,272.7
1345.2,4,2,38.7,1.27,1,235.49
1939.1,5,3,30.1,0.5,2,317.54
1727.0,4,2,44.6,7.97,1,256.24
1656.4,4,3,22.2,4.75,1,265.67
2199.2,4,2,30.4,1.15,2,304.03
2292.4,3,1,31.6,25.35,1,304.85
1455.2,2,2,29.6,6.03,2,273.77
1425.7,3,2,35.1,2.22,2,236.12
1621.2,3,2,11.9,5.55,2,278.35
400.0,2,1,25.6,9.11,2,113.16
815.1,4,2,5.2,0.63,1,159.96
2688.5,3,1,19.2,2.57,1,430.94
2869.2,2,1,24.4,13.16,2,392.12
1638.1,2,2,32.6,4.92,2,291.9
2174.8,4,2,47.5,6.33,2,299.13
2002.3,2,1,30.0,4.54,2,336.9
3801.3,4,3,37.2,0.5,2,555.04
2527.7,3,2,25.3,1.45,2,390.73
1716.9,3,1,31.7,4.72,1,264.43
1178.9,3,2,3.5,1.88,2,225.6
755.8,4,2,12.7,0.5,2,213.78
1932.3,3,3,18.1,14.85,1,295.64
1308.4,4,3,23.6,31.79,2,151.25
875.5,3,2,2.3,12.61,2,152.4
1379.7,2,2,7.0,15.38,2,220.25
1097.0,4,2,13.8,2.22,1,223.99
2896.6,4,3,48.6,25.88,1,373.5
2373.1,4,3,16.6,1.75,2,409.36
1794.8,4,3,24.1,24.2,3,226.02
2762.0,4,3,9.8,42.1,1,369.03
1850.3,4,2,30.5,9.95,1,236.23
1240.2,4,2,14.0,31.77,2,212.93
2790.0,4,3,10.3,6.74,1,419.05
2150.3,4,2,25.8,2.4,2,348.26
1125.8,3,3,0.3,4.6,3,213.38
1676.3,4,2,0.4,7.2,1,321.03
1230.8,2,1,11.0,0.61,2,246.07
901.2,4,2,1.8,7.79,1,208.58
